"","ASV","species","average","overall","sd","ratio","ava","avb","ord","cusum","p","Comparison","Position","Kingdom","Phylum","Class","Order","Family","Genus","Species","Sequence"
"1","b1126459be0793d6b85d8fa372763850","b1126459be0793d6b85d8fa372763850",0.0414285208333333,0.859794465494792,0.0472871493655012,0.876105271500209,198.3735,1098.12,904,0.982565988421383,0.84,"latrine_inside_latrine_outside",3255,"Eukaryota","Archaeplastida","Streptophyta","Streptophyta_X","Embryophyceae","Embryophyceae_X","Embryophyceae_XX","GCTCCTACCGATTGAATGGTCCGGTGAAGTTTTCGGATCGCGGCGACGCCGGCGGTTCGCCGCCGGTGTCGCTGTGAGAAGTTCATTAAACCTTATCATTTAGAGGAAGGAGAAGTCGTAACAAGGTTTCC"
"2","f7e6a3da2fe3ef72d7f6af929fdf3e33","f7e6a3da2fe3ef72d7f6af929fdf3e33",0.0179864498697917,0.859794465494792,0.0164364749379747,1.09430093360444,368.847166666667,439.3907,5578,0.982670410179842,0.398,"latrine_inside_latrine_outside",3262,"Eukaryota","Archaeplastida","Streptophyta","Streptophyta_X","Embryophyceae","Embryophyceae_X","Embryophyceae_XX","GCTCCTACCGATTGAATGGTCCGGTGAAGTTTTCGGATTGCGCCGACGCCGGCGGTTCGCCGCCGGTGACGTTGTGAGAAGTTCATTAAACCTTATCATTTAGAGGAAGGAGAAGTCGTAACAAGGTTTCC"
"3","0c7f3cb5f4d8b9ff5aea3236b3dcb514","0c7f3cb5f4d8b9ff5aea3236b3dcb514",0.016738666015625,0.859794465494792,0.0352560683972964,0.474774039663158,252.282833333333,211.7561,1590,0.999008471848936,0.225,"latrine_inside_latrine_outside",5318,"Eukaryota","Obazoa","Opisthokonta","Fungi","Basidiomycota","Agaricomycotina","Agaricomycetes","GCTACTACCGATTGAATGGCTTAGTGAGGTCTCCGGATTGGCTTTGGGGAACCGGCAACGGCACCCTGTCGCTGAGAAGCTGATCAAACTTGGTCATTTAGAGGAAGTAAAAGTCGTAACAAGGTTTCC"
"4","924ef70d7057559f0e4245869d2dcbb9","924ef70d7057559f0e4245869d2dcbb9",0.0155871595052083,0.859794465494792,0.0132084398892862,1.18009088399998,437.917833333333,55.4353,6240,0.999080044489709,0.001,"latrine_inside_latrine_outside",5343,"Eukaryota","Obazoa","Opisthokonta","Fungi","Basidiomycota","Agaricomycotina","Tremellomycetes","GCTACTACCGATTGAATGGCTTAGTGAGATCTCCGGATTGGCTTTGGGAAGCTGGCAACGGCTACCTTTTGCTGAGAAGCTGATCAAACTTGGTCATTTAGAGGAAGTAAAAGTCGTAACAAGGTTTCC"
"5","0cd724bd22b03fb257edcd261694263e","0cd724bd22b03fb257edcd261694263e",0.0154537727864583,0.859794465494792,0.0207448395520807,0.744945399440716,380.130333333333,110.6475,5737,0.994346062747059,0.032,"latrine_inside_latrine_outside",4366,"Eukaryota","Obazoa","Opisthokonta","Metazoa","Arthropoda","Chelicerata","Arachnida","GCTACTACCGATTGAATGAATTAGTGAGGTCTTCGGACTGGCCTGTGAGGCTGTTTCGGCAGCCGCGCATGGCTCGGGAAGATGCCCAAACTTGTTCATTTAGAGGAAGTAAAAGTCGTAACAAGGTTTCC"
"6","8f4f72e3cfd7e0a9adbd5c91021f41ae","8f4f72e3cfd7e0a9adbd5c91021f41ae",0.01424205078125,0.859794465494792,0.023982411881416,0.593853981479077,107.877166666667,299.7607,5136,0.994416781259281,0.438,"latrine_inside_latrine_outside",4376,"Eukaryota","Obazoa","Opisthokonta","Metazoa","Arthropoda","Chelicerata","Arachnida","GCTACTACCGATTGAATGTTTTAGTGAGGTCTTCAGACTGGCCGGCGCAGCTGCTCTCGTAGTGGCAGCGCTGTGTTTGGGAAGATGCCCAAACTTGAACATTTAGAGGAAGTAAAAGTCGTAACAAGGTTTCC"
"7","ff13b38588402a2de3d0150de322c97f","ff13b38588402a2de3d0150de322c97f",0.0130964518229167,0.859794465494792,0.0122347200138063,1.07043330849729,275.2775,250.3118,3210,1,0.979,"latrine_inside_latrine_outside",6314,"Eukaryota","Obazoa","Opisthokonta","Fungi","Ascomycota","Pezizomycotina",NA,"GCTACTACCGATTGAATGGCTCAGTGAGGCCTTGGGACTGGCTCAGAGAGGTCGGCAACGACCACTCAGAGCCGGAAACTTGGTCAAACTTGGTCATTTAGAGGAAGTAAAAGTCGTAACAAGGTTTCC"
"8","9fa06e0440457c975bd9615f6240d97b","9fa06e0440457c975bd9615f6240d97b",0.0115818483072917,0.859794465494792,0.0258030195534496,0.448856316343151,26.3523333333333,285.846,6679,0.994549832982696,0.506,"latrine_inside_latrine_outside",4395,"Eukaryota","Obazoa","Opisthokonta","Metazoa","Arthropoda","Chelicerata","Arachnida","GCTACTACCGATTGAATGTTTTAGTGAGGTCTTCGGACTGGCCGGTGCAGCCATTCTTCGGGATGGCAGCGCTGTGTTTGGAAAGATGCCCAAACTTGAACATTTAGAGGAAGTAAAAGTCGTAACAAGGTTTCC"
"9","02e8e53ad96c9864c41b2cf6fd0aa169","02e8e53ad96c9864c41b2cf6fd0aa169",0.009835732421875,0.859794465494792,0.0082201299543401,1.19654220511221,299.571166666667,89.0147,5151,1,0.004,"latrine_inside_latrine_outside",6534,"Eukaryota","Obazoa","Opisthokonta","Fungi","Ascomycota","Pezizomycotina","Dothideomycetes","GCTACTACCGATTGAATGGCTCAGTGAGGCCTTCGGACTGGCTCAGGGAGGTTGGCAACGACCACCCCGAGCCGGAAAGTTCGTCAAACTCGGTCATTTAGAGGAAGTAAAAGTCGTAACAAGGTTTCC"
"10","330db80f8ff815f7cf0c29d709dc2fef","330db80f8ff815f7cf0c29d709dc2fef",0.00955330143229167,0.859794465494792,0.0278777004228655,0.342686135778114,243.203333333333,3.7485,1815,0.982759297096697,0.141,"latrine_inside_latrine_outside",3268,"Eukaryota","Archaeplastida","Streptophyta","Streptophyta_X","Embryophyceae","Embryophyceae_X","Embryophyceae_XX","GCTCCTACCGATTGAATGGTCCGGTGAAGTTTTCGGATTGCGCCGACGCCGGCGGTTCGCCGCCGGTGTTGGTGTGAGAAGTTCATTAAACCTTATCATTTAGAGGAAGGAGAAGTCGTAACAAGGTTTCC"
"11","b1126459be0793d6b85d8fa372763850","b1126459be0793d6b85d8fa372763850",0.0498362602306548,0.868761683407738,0.0830252959691344,0.600253930430817,198.3735,1305.36857142857,2335,0.990989055750559,0.503,"latrine_inside_veg_patch_inside",3255,"Eukaryota","Archaeplastida","Streptophyta","Streptophyta_X","Embryophyceae","Embryophyceae_X","Embryophyceae_XX","GCTCCTACCGATTGAATGGTCCGGTGAAGTTTTCGGATCGCGGCGACGCCGGCGGTTCGCCGCCGGTGTCGCTGTGAGAAGTTCATTAAACCTTATCATTTAGAGGAAGGAGAAGTCGTAACAAGGTTTCC"
"12","ff13b38588402a2de3d0150de322c97f","ff13b38588402a2de3d0150de322c97f",0.0242539890252976,0.868761683407738,0.0179916503825336,1.34806916039473,275.2775,702.504,5172,1,0.004,"latrine_inside_veg_patch_inside",6314,"Eukaryota","Obazoa","Opisthokonta","Fungi","Ascomycota","Pezizomycotina",NA,"GCTACTACCGATTGAATGGCTCAGTGAGGCCTTGGGACTGGCTCAGAGAGGTCGGCAACGACCACTCAGAGCCGGAAACTTGGTCAAACTTGGTCATTTAGAGGAAGTAAAAGTCGTAACAAGGTTTCC"
"13","90afea0193dacbaf8816e7415746c4f1","90afea0193dacbaf8816e7415746c4f1",0.0215217503720238,0.868761683407738,0.0482897725350798,0.445679265860892,45.0776666666667,522.965714285714,5129,0.991113278985729,0.093,"latrine_inside_veg_patch_inside",3265,"Eukaryota","Archaeplastida","Streptophyta","Streptophyta_X","Embryophyceae","Embryophyceae_X","Embryophyceae_XX","GCTCCTACCGATTGAATGGTCCGGTGAGGATTTCGGATTGCGCCGACGCCGGCGGTTCGCCGCCGGTGACGTTGTCAGAAGTTTTTCGAACCTTATCATTTAGAGGAAGGAGAAGTCGTAACAAGGTTTCC"
"14","0cd724bd22b03fb257edcd261694263e","0cd724bd22b03fb257edcd261694263e",0.0153085323660714,0.868761683407738,0.0206007815759181,0.743104445317105,380.130333333333,95.2137142857143,2882,0.999491998952455,0.193,"latrine_inside_veg_patch_inside",4366,"Eukaryota","Obazoa","Opisthokonta","Metazoa","Arthropoda","Chelicerata","Arachnida","GCTACTACCGATTGAATGAATTAGTGAGGTCTTCGGACTGGCCTGTGAGGCTGTTTCGGCAGCCGCGCATGGCTCGGGAAGATGCCCAAACTTGTTCATTTAGAGGAAGTAAAAGTCGTAACAAGGTTTCC"
"15","f7e6a3da2fe3ef72d7f6af929fdf3e33","f7e6a3da2fe3ef72d7f6af929fdf3e33",0.0151702836681548,0.868761683407738,0.0160552642699213,0.94487910090496,368.847166666667,249.010857142857,4109,0.991076062117279,0.766,"latrine_inside_veg_patch_inside",3262,"Eukaryota","Archaeplastida","Streptophyta","Streptophyta_X","Embryophyceae","Embryophyceae_X","Embryophyceae_XX","GCTCCTACCGATTGAATGGTCCGGTGAAGTTTTCGGATTGCGCCGACGCCGGCGGTTCGCCGCCGGTGACGTTGTGAGAAGTTCATTAAACCTTATCATTTAGAGGAAGGAGAAGTCGTAACAAGGTTTCC"
"16","924ef70d7057559f0e4245869d2dcbb9","924ef70d7057559f0e4245869d2dcbb9",0.0145284030877976,0.868761683407738,0.0126398151203215,1.1494157904604,437.917833333333,97.8654285714286,1426,1,0.027,"latrine_inside_veg_patch_inside",5343,"Eukaryota","Obazoa","Opisthokonta","Fungi","Basidiomycota","Agaricomycotina","Tremellomycetes","GCTACTACCGATTGAATGGCTTAGTGAGATCTCCGGATTGGCTTTGGGAAGCTGGCAACGGCTACCTTTTGCTGAGAAGCTGATCAAACTTGGTCATTTAGAGGAAGTAAAAGTCGTAACAAGGTTTCC"
"17","02e8e53ad96c9864c41b2cf6fd0aa169","02e8e53ad96c9864c41b2cf6fd0aa169",0.0116250902157738,0.868761683407738,0.00921431444578573,1.26163376387602,299.571166666667,1.96885714285714,5967,1,0.003,"latrine_inside_veg_patch_inside",6534,"Eukaryota","Obazoa","Opisthokonta","Fungi","Ascomycota","Pezizomycotina","Dothideomycetes","GCTACTACCGATTGAATGGCTCAGTGAGGCCTTCGGACTGGCTCAGGGAGGTTGGCAACGACCACCCCGAGCCGGAAAGTTCGTCAAACTCGGTCATTTAGAGGAAGTAAAAGTCGTAACAAGGTTTCC"
"18","01f78f7f6b13175046c5981f967fde08","01f78f7f6b13175046c5981f967fde08",0.0104413271949405,0.868761683407738,0.0252305070286124,0.413837390707194,2.1365,266.299142857143,4977,0.990976620152126,0.281,"latrine_inside_veg_patch_inside",3254,"Eukaryota","Archaeplastida","Streptophyta","Streptophyta_X","Embryophyceae","Embryophyceae_X","Embryophyceae_XX","GCTCCTACCGATTGAATGGTCCGGTGAAGTTTTCGGATTGCGGCGACGCCGGCGGTTCGCCGCCGGTGTCGCTGTGAGAAGTTCATTAAACCTTATCATTTAGAGGAAGGAGAAGTCGTAACAAGGTTTCC"
"19","330db80f8ff815f7cf0c29d709dc2fef","330db80f8ff815f7cf0c29d709dc2fef",0.0103455319940476,0.868761683407738,0.0275124616986575,0.376030764071993,243.203333333333,34.9597142857143,541,0.991150356681675,0.202,"latrine_inside_veg_patch_inside",3268,"Eukaryota","Archaeplastida","Streptophyta","Streptophyta_X","Embryophyceae","Embryophyceae_X","Embryophyceae_XX","GCTCCTACCGATTGAATGGTCCGGTGAAGTTTTCGGATTGCGCCGACGCCGGCGGTTCGCCGCCGGTGTTGGTGTGAGAAGTTCATTAAACCTTATCATTTAGAGGAAGGAGAAGTCGTAACAAGGTTTCC"
"20","0c7f3cb5f4d8b9ff5aea3236b3dcb514","0c7f3cb5f4d8b9ff5aea3236b3dcb514",0.00985479817708333,0.868761683407738,0.032824972754611,0.300222585126107,252.282833333333,0,1354,1,0.678,"latrine_inside_veg_patch_inside",5318,"Eukaryota","Obazoa","Opisthokonta","Fungi","Basidiomycota","Agaricomycotina","Agaricomycetes","GCTACTACCGATTGAATGGCTTAGTGAGGTCTCCGGATTGGCTTTGGGGAACCGGCAACGGCACCCTGTCGCTGAGAAGCTGATCAAACTTGGTCATTTAGAGGAAGTAAAAGTCGTAACAAGGTTTCC"
"21","b1126459be0793d6b85d8fa372763850","b1126459be0793d6b85d8fa372763850",0.0661997209821429,0.845704920758929,0.0748401044553976,0.884548751820568,1098.12,1305.36857142857,1692,0.98782661443349,0.099,"latrine_outside_veg_patch_inside",3255,"Eukaryota","Archaeplastida","Streptophyta","Streptophyta_X","Embryophyceae","Embryophyceae_X","Embryophyceae_XX","GCTCCTACCGATTGAATGGTCCGGTGAAGTTTTCGGATCGCGGCGACGCCGGCGGTTCGCCGCCGGTGTCGCTGTGAGAAGTTCATTAAACCTTATCATTTAGAGGAAGGAGAAGTCGTAACAAGGTTTCC"
"22","ff13b38588402a2de3d0150de322c97f","ff13b38588402a2de3d0150de322c97f",0.0230129029017857,0.845704920758929,0.0157178895504131,1.4641216830017,250.3118,702.504,5000,1,0.004,"latrine_outside_veg_patch_inside",6314,"Eukaryota","Obazoa","Opisthokonta","Fungi","Ascomycota","Pezizomycotina",NA,"GCTACTACCGATTGAATGGCTCAGTGAGGCCTTGGGACTGGCTCAGAGAGGTCGGCAACGACCACTCAGAGCCGGAAACTTGGTCAAACTTGGTCATTTAGAGGAAGTAAAAGTCGTAACAAGGTTTCC"
"23","90afea0193dacbaf8816e7415746c4f1","90afea0193dacbaf8816e7415746c4f1",0.0210105636160714,0.845704920758929,0.0485123786024137,0.433096958371488,29.6238,522.965714285714,3464,0.987959314250694,0.171,"latrine_outside_veg_patch_inside",3265,"Eukaryota","Archaeplastida","Streptophyta","Streptophyta_X","Embryophyceae","Embryophyceae_X","Embryophyceae_XX","GCTCCTACCGATTGAATGGTCCGGTGAGGATTTCGGATTGCGCCGACGCCGGCGGTTCGCCGCCGGTGACGTTGTCAGAAGTTTTTCGAACCTTATCATTTAGAGGAAGGAGAAGTCGTAACAAGGTTTCC"
"24","f7e6a3da2fe3ef72d7f6af929fdf3e33","f7e6a3da2fe3ef72d7f6af929fdf3e33",0.0163926635044643,0.845704920758929,0.0148571228197796,1.10335383932079,439.3907,249.010857142857,1369,0.987919629742416,0.657,"latrine_outside_veg_patch_inside",3262,"Eukaryota","Archaeplastida","Streptophyta","Streptophyta_X","Embryophyceae","Embryophyceae_X","Embryophyceae_XX","GCTCCTACCGATTGAATGGTCCGGTGAAGTTTTCGGATTGCGCCGACGCCGGCGGTTCGCCGCCGGTGACGTTGTGAGAAGTTCATTAAACCTTATCATTTAGAGGAAGGAGAAGTCGTAACAAGGTTTCC"
"25","01f78f7f6b13175046c5981f967fde08","01f78f7f6b13175046c5981f967fde08",0.0127275641741071,0.845704920758929,0.0265102571995337,0.480099611192418,85.3079,266.299142857143,6078,0.987813245936638,0.074,"latrine_outside_veg_patch_inside",3254,"Eukaryota","Archaeplastida","Streptophyta","Streptophyta_X","Embryophyceae","Embryophyceae_X","Embryophyceae_XX","GCTCCTACCGATTGAATGGTCCGGTGAAGTTTTCGGATTGCGGCGACGCCGGCGGTTCGCCGCCGGTGTCGCTGTGAGAAGTTCATTAAACCTTATCATTTAGAGGAAGGAGAAGTCGTAACAAGGTTTCC"
"26","8f4f72e3cfd7e0a9adbd5c91021f41ae","8f4f72e3cfd7e0a9adbd5c91021f41ae",0.0122794760044643,0.845704920758929,0.0224299710139201,0.547458398267373,299.7607,41.9591428571429,5186,0.99762945010124,0.589,"latrine_outside_veg_patch_inside",4376,"Eukaryota","Obazoa","Opisthokonta","Metazoa","Arthropoda","Chelicerata","Arachnida","GCTACTACCGATTGAATGTTTTAGTGAGGTCTTCAGACTGGCCGGCGCAGCTGCTCTCGTAGTGGCAGCGCTGTGTTTGGGAAGATGCCCAAACTTGAACATTTAGAGGAAGTAAAAGTCGTAACAAGGTTTCC"
"27","9fa06e0440457c975bd9615f6240d97b","9fa06e0440457c975bd9615f6240d97b",0.011165859375,0.845704920758929,0.0262848118116542,0.424802713255464,285.846,0,3244,0.997722671282378,0.423,"latrine_outside_veg_patch_inside",4395,"Eukaryota","Obazoa","Opisthokonta","Metazoa","Arthropoda","Chelicerata","Arachnida","GCTACTACCGATTGAATGTTTTAGTGAGGTCTTCGGACTGGCCGGTGCAGCCATTCTTCGGGATGGCAGCGCTGTGTTTGGAAAGATGCCCAAACTTGAACATTTAGAGGAAGTAAAAGTCGTAACAAGGTTTCC"
"28","1b0c2b321fc8c72ff6469f6453421821","1b0c2b321fc8c72ff6469f6453421821",0.0101806026785714,0.845704920758929,0.0109242390462185,0.931927856530705,119.1388,296.577428571429,4885,0.949835138522286,0.039,"latrine_outside_veg_patch_inside",1768,"Eukaryota","Obazoa","Opisthokonta","Metazoa","Nematoda","Chromadorea","Chromadorea_X","GCTGCCCGGGACTGAGCCGTTTCGAGAAAAGCGGGGACCTCTGCTTCGGGGCCTTTCGGGGCCTTGATGCCGGTTGGAAACCGCCTTAATCGCAGCGGCTTGAACCGGGCAAAAGTCGTAACAAGGTTTCT"
"29","de8212a2e5a149b069705fa7782b433e","de8212a2e5a149b069705fa7782b433e",0.00879550558035714,0.845704920758929,0.0165014404765063,0.533014411249709,228.7844,31.4682857142857,5877,1,0.357,"latrine_outside_veg_patch_inside",6516,"Eukaryota","Obazoa","Opisthokonta","Fungi","Ascomycota","Pezizomycotina","Dothideomycetes","GCTACTACCGATTGAATGGCTCAGTGAGGCCTCCGGACTGGCTCGGAGAGGTTGGCAACGACCACTCCGAGCCGGAAAGTTCGTCAAACTCGGTCATTTAGAGGAAGTAAAAGTCGTAACAAGGTTTCC"
"30","0c7f3cb5f4d8b9ff5aea3236b3dcb514","0c7f3cb5f4d8b9ff5aea3236b3dcb514",0.00827172265625,0.845704920758929,0.0213091474199419,0.388177081571504,211.7561,0,1134,1,0.78,"latrine_outside_veg_patch_inside",5318,"Eukaryota","Obazoa","Opisthokonta","Fungi","Basidiomycota","Agaricomycotina","Agaricomycetes","GCTACTACCGATTGAATGGCTTAGTGAGGTCTCCGGATTGGCTTTGGGGAACCGGCAACGGCACCCTGTCGCTGAGAAGCTGATCAAACTTGGTCATTTAGAGGAAGTAAAAGTCGTAACAAGGTTTCC"
